StudentID,Remarks
1,Good!!
2,Excellent !!!!
3,10
4,atleast all numerical should solve which asked in exam.
5,do change the taecher for the next batch.
6,"should not talk about projects seminars during lectures, because some student gets panic..."
7,Teaching skill has to be improve
8,Use a black board
9,Putting a lots of pressure on student
10,Sincerely not teaching
11,"do not ever try to teach with mobile phones...
students use social networks during lectures..."
12,Good teaching knowledge
13,"should not talk about projects seminars in classs during lectures....
please"
14,Can't Course outcome fulfill
15,"excellent, "
16,Next HOD 
17,Good technical knowledge
18,mam you need first study the subject briefly.
19,no comment.
20,sir you should study all the subject in engineering. so that our basic are clear.
21,good in teaching
22,good in teaching
23,Good
24,Good in teaching
25,Good 
26,Good 
27,"                          Sir plz be strict to students good teacher
        very very very very very bad.
very lenghty assignment (about 59 questions). no subject knowledge. behaviour with student is ver bad. very very very very very bad.
very lenghty as"
28,Best faculty for computer network.. Supported everytime 
29,Little harsh...
30,No
31,Bo
32,nice
33,"excellent teaching from sir
"
34,Provide proper hand writen notes
35,Please explain the all topic
36,"plz leave this collage
and dont teach anyonce
bea"
37,"should improve teaching quality
"
38,"teaching was very fast, difficult to understand"
39,very nicely teached to us
40,unit 3 should be recoducted
41,none
42,good teacher style 
43,"very bad
"
44,good..........
45,"interesting subject
"
46,"very poor
"
47,"very good its helpfull for future
"
48,good
49,"very good
"
50,satisfactory
51,satisfactory but not good
52,all well and good
53,good teaching experience
54,excellent
55,well experience mam
56,good
57,not satisfied
58,bad
59,bad
60,Excellent teaching...??
61,Poor teaching ??
62,No words for this kind of great person??
63,"Very Nice sir , Great enthuasiam"
64,Best faculty!
65,Best teacher 
66,Good can do better 
67,Best
68,Good
69,Bestest
70,Best
71,Best faculty I've ever seen 
72,??
73,Good
74,Excellent
75,No 
76,A++++
77,Teaches awesome
78,Good
79,A++
80,Best teaching techniques 
81,Nice !!
82,Excellent work 
83,No queries
84,A++++
85,Excellent***
86,I don't understand the teaching 
87,Best teacher.!!!
88,Good teacher
89,A++
90,Taught well
91,Very good teacher
92,does envolve the student in the class 
93,"Punctual, helping nature
"
94,Excellent
95,Good 
96,Sir please teach us full syllabus so that be able  to fight competitive exam in future 
97,Very good
98,"Really nice with behavior 
"
99,Good
100,All gud??
101,Good
102,Excellent!
103,No 
104,Really determined. 
105,Professional 
106,Good
107,"Best teaching techniques 
"
108,Excellent
109,Excellent
110,Nice
111,Best faculty of 1st year 
112,Something new we got from the sir
113,Excellent
114,Very good faculty
115,Excellent 
116,Excellent 
117,Handwriting good but little small
118,Excellent
119,Good
120,Umm..nice
121,Fine
122,Great knowledge with great skills of teaching 
123,Very good
124,Mam is very good....very good teaching....
125,She will not take test in week
126,BEST!!
127,Excellent 
128,Excellent 
129,Activities given by ma'am was very nice
130,Very good 
131,Excellent
132,Good....
133,Capable of teaching in IIT's
134,Good 
135,Good
136,aaa aaa aaa Slow teaching...
137,Very good 
138,Good!!
139,Nice mam
140,Handwriting is very small 
141,Sir should not write in large letters 
142,Like the way of teaching
143,Excellent
144,A+++++++++++++++
145,Slow sloww
146,????????
147,"Ma'am in this semester you were teaching very fast...
"
148,Excellent
149,Excellent 
150,Excellent 
151,Good
152,NICE.
153,Knowledgeable faculty with a friendly and helpful nature 
154,Excellent 
155,Good...
156,Excellent job
157,"Helping nature, understand students problem"
158,They should not come on time 
159,Excellent 
160,Very good faculty 
161,Capable of teaching in IIT's
162,Good Teacher
163,??
164,Goood
165,Good
166,"Verygood
"
167,Awesome
168,All was gud??
169,Try to enhanced the understanding power of students
170,Good
171,Excellent
172,??
173,No
174,Best co-ordinator
175,Excellent 
176,Font should be bigger on black board
177,Excellent
178,No remark is needed for Shahid sir as he is the best teaching faculty as compared to others
179,No issues
180,Teaching Good 
181,"Good

"
182,No issues.best performance
183,Capable of teaching in IIT's
184,Excellent
185,Excellent teaching and knowledge 
186,Excellent teaching
187,No issues.very well performance
188,Excellent
189,Teaching Good 
190,Good person 
191,Best teacher
192,Teaching Good 
193,Excellent faculty 
194,Very good teaching 
195,Fast teaching bt nice
196,Brillient 
197,Sweet nature and good teacher
198,Good teaching
199,Best math teacher 
200,Acche Mann k sacche
201,Excellent
202,Non issue
203,Good
204,Well lab
205,Excellent 
206,Excellent 
207,Good teacher 
208,Mahoooool
209,Good Teaching With Explanation
210,Good
211,Suberb
212,Hmmm 
213,Good Explanation and Teaching
214,Good
215,V.good
216,Good... Will  be improve better
217,Very good
218,Good
219,The only teacher with knowledge of industry and real time . 
220,Great teacher .
221,Best  teacher 
222,He is the only faculty with subject knowledge and industrial knowledge .
223,Way of teaching is best
224,should be given more authority to conduct various programm related to student activeity
225,Gud knowledge for subject
226,Teaching is good
227,Very good knowledge
228,"unnecessary pressure on student , should stop sending useless messages on WhatsApp at night and should stop experiment on student , step down from hod post , and instead of making student look like professional try to make them professional , no technical"
229,Teaching in cse is very nice 
230,nice teacher ??
231,"worst hand writing in whole electronics department , must write in bigger font it is not visible from even  second bench , instead of saying one sentence three times say it ones slowly, do not pressure student , most humble request use bigger handwriting "
232,"did not conducted any practical , should bring knowledge giving sir like sufiyan sir or wasim sir best teacher in department "
233,practicals should be given in printed form we are engineering student not a 10 std student to practice handwriting and should conduct practicals none conducted
234,Poor communication skills
235,Just need improvement in class control
236,Awesomesir
237,Friendly and talkative teacher. Perfect mentor indeed.
238,Cool sir
239,Very interactive classes
240,Very good
241,good
242,gooood
243,Not puntual
244,College needs this type of faculty
245,good best teacher
246,Good!!!
247,should have more lectures
248,Good
249,good 
250,greate faculty
251,good
252,excellent
253,excellent
254,Good
255,Good
256,Good
257,Good Teacher
258,Good Teacher
259,We need more time of irfan ali sir ji
260,"Sir ji
As per my thinking
 We are  wasting
Our time during regular lectures .u can teach same thing in half time as u take now."
261,Teaching with clear all doubts
262,I felt a pretty rude behavior towards students . Dominance was given first priority rather than homoreous teaching . 
263,Excellent
264,Excellent
265,"Good, reliable, lenient"
266,Bht sahi teacher hai shahid sir ????????
267,????
268,??????
269,Very strict????
270,Excellent
271,Excellent
272,Excellent
273,Excellent
274,Moin sir ????
275,Excellent
276,Excellent
277,Excellent
278,"Punctual attitude,
Friendly behaviour, outstanding motivated to students,send real time software industry information to students"
279,"I practically feel real genuine attitude, outstanding motivated, prompt in subject curriculum activity,provide online study material, provide subject related PDF and share it through mail , I am enjoy I& cs classes becz all classes done through projector
"
280,"Prompt behaviour,class take through projector,share study material online , frequently send feedback through mail, took seminar on different different topic , madam have little jolly  mood so it is very interesting for us for maintaining patience in class"
281,Good nature
282,Excellent teaching and experience
283,Excellent teaching experience
284,Excellent teaching skills and vast knowledge
285,Good
286,Good
287,Good
288,Highly experienced and excellent teaching
289,Having a lott of knowledge and experience
290,Made the subject more easier by the techniques of teaching 
291,Good natured and helpful 
292,Love u sir
293,If u give us more questions in q bank for   exam that will better. Because ur less que nobody study well
294,Good Teaching Skill 
295,Nice mam 
296,Nice teaching technique 
297,Best teaching technique 
298,Nice teaching technique 
299,Nice 
300,Good 
301,Good 
302,"Awesome experience in workshop for being there first time 
Thank you so much to all "
303,"teaching skills very are very good 
"
304,bad faculty 
305,"very good teacher and deep knowledge about the subject, teach with full efforts and we understand very good"
306,u teach with a good techniques easy to understand.
307,we are not understand because this faculty not teach properly only westing time in decteting subject
308,best teacher
309,good teacher
310,"this faculty not teach properly, because of experience his atitude is very high always torcher the students"
311,best teacher and having a great experience of teaching
312,good faculty
313,explanation part of sir is very good so we need to understand more rather than only writing....
314,survey 2 must also be taught by Azaz sir. it was a very good experience
315,PRACTICALS SHUILD BE INCREAS
316,SITE VISIT SHOULD BE WELL KNOWLEDGE FULL & SKILL FULL
317,WE WANT PRACTICAL KNOWLEDGE.
318,NO
319,overall teaching was very good but there was something missing in student''s interaction..
320,Good knowledge .
321,excellent teaching
322,Good speed in teaching.
323,Good practical knowledge in subject good teaching skills.
324,good  sir i ever seen
325,Lack of knowledge.  
326,"teaching with so high speed that nothing get understood.
concepts not get clear easily."
327,nice mam i have ever seen with full knowledge of every subject
328,love your teaching and teaching skills... please teach us in the third year also...
329,teaching way is excellent 
330,teaching way is not that much satisfactory
331,students never getting bored even though its totay theory lecture
332,"syllabus never completed,lazy attitude,never maintain punctuality,"
333,do not uses blackboard
334,solve numerical on blACKBOARD
335,thank you sir
336,EXCELLENT
337,GOOD
338,PERFECT TEACHING
339,A
340,Sir is too kind.. Thats why students misbehaves.. 
341,Excellent
342,NOTHING
343,good control on class
344,NOTHING
345,NOTHING
346,NOTHING
347,he is best teacher.
348,he is also best.
349,One of the best faculty in civil department of ACET.
350,Excellent teaching
351,Dedicated
352,Knowledgeable
353,Excellent Teaching 
354,Good
355,Excellent
356,Good
357,Excellent
358,very good teaching
359,Nice teaching
360,K
361,Great
362,Good
363,Communication skill is too good..teaching was awesome????????
364,Good
365,1
366,"consistently uses personal best effort on a daily basis.
Tell us some important thoughts "
367,"Friendly behavior ,
Helpful."
368,Friendly helpful nature. Give us full effort for students...for any doubt.
369,"Awesome sir...
Take full revision or study from students through so many tests and practice."
370,Very good Teacher
371,Good sir.Friendly.clear all doubt..
372,Very good teacher
373,Very good teacher
374,Good.
375,Good Teacher
376,"GOOD  TECHNIQUE TO EXPLAIN THE CONCEPT
"
377,BEST TEACHER FOR TOC/TFCS
378,"A TEACHER NEED TO BE CAREFUL ON EXPLAINING  THE CONCEPT AND NOT ON WRITING.
WE WANT TO BECOME AN ENGINEER AND NOT A CLERK"
379,he just dictates the notes but not explain a single concept in detail
380,"Sir you rock!!!!
Yoyo....
Very good learning from you sir...."
381,No
382,No
383,No
384,excellent
385,knowedegable
386,pefect excellent 
387,"bahot khoob sir masha allah bahot khoobsoorat
we all love you ummah"
388,zyada assignmnt mat diya kro likhna nahi hota .bhai ka haath bhi toot gya.bahot ache ho aap we love all your lectures marks bhi ache dete ho aap.is baar bhi achche dena.
389,very helpful nature always help whenever needed
390,supportive nature
391,very co`~operative
392,seekhke aa
393,overconfident pseudoness 
394,none
395,chill_out sir ;)
396,Dont have respect for students specially boys and usually speaks rudely   
397,amazing teaching skills
398,6 th Sem - DOM even should be teached by him 
399,"best faculty
"
400,great teacher with amazing knowledge
401,"NEED TO SIMPLIFY THE TEACHING METHOD WITH OTHER METHODS
"
402,Very good
403,need to polite
404,Further subjects should  even be teached by him
405,Good but need to be good vocabulary
406,Exellent
407,Need improvement in essence
408,nyc communication
409,Always polite??
410,control class 
411,Superb teaching And A very Good Person
412,exellent
413,good
414,A very kind person and extremely sweet in talking
415,no
416,no
417,no
418,no
419,no
420,Best teacher for os
421,The most decent lecturer and the best teacher of Acet.
422,Excellent at explaining any concept by visualization technique
423,Gooooood
424,Superb sirrrr...
425,Good...
426,Very good 
427,Rehan sir is Best teacher forever.because they have awesome communication skills and better knowledge..i give him 100% from my side..
428,ask him to be strict and take control over class.
429,a little politeness will not decrease his respect.
430,good experience in subject
431,ask him not to read from book.
432,class control is not done properly
433,"ask him to focus on the topic he teaches not on the rest of the things.
"
434,ask him to do the question which is asked in university exam
435,course can be completed if he starts teaching at a good speed and take classes punctually.
436,course can be completed if he start his course at good speed
437,change faculty
438,excellent teaching
439,good
440,NEED TO CONTROL THE CLASS
441,VERY FRANK N FRIENDLY
442,"not suitable for EC1
and HM"
443,too sincere and serious about discipline 
444,good
445,unable to understand by students 
446,good
447,satisfactory
448,Good
449,Good
450,"need to be changed
"
451,good
452,ok
453,Excellent
454,Good
455,Good performance 
456,Incorrect pronunciation
457,Excellent
458,Excellent performance
459,Very sincere and excellent teaching
460,Excellent!
461,"Very good teacher .
Nice way of communication
deep subject knowledge 
no partiality done ... communication way is very effective"
462,"very good teaching, good teacher and good behaviour "
463,make him H.o.D
464,Good
465,"Good teaching

"
466,USE PROPER LANGUAGE
467,"teaching,behaviour,comunication skill is good but it's very fast."
468,communication skill is good
469,teaching is good.
470,soft dill
471,teaching is good but it's very fast.
472,good teaching
473,"good teaching,good behaviour and good communication skill"
474,teaching is good but very strict.
475,good
476,"good and best teaching,communication skill is also good"
477,alhamudullila
478,good knowledge
479,Anwar sir is Best teacher for teach because they have  good ability to explain..
480,They have best knowledge..
481,East n west tahir sir is best..because they have awesome ability to  provide and explaining..and ghey have better knowledge
482,Excellent teaching 
483,They have best knowledge..
484,good nature...soft hearted
485,having lots of knowlege of programming
486,teaching is awaysom but writting in bord with bad handwritting...
487,Best professor of Anjuman
488,Good
489,awesome
490,superb
491,excellent
492,"Need to improve your teaching skills...
always give the question bank its better for the students..."
493,no
494,no
495,No 
496,Good
497,Good
498,Good
499,Good
500,awesom
501,excellent
502,godd subject knowledge
503,intelligent
504,He is an honest person towards his duty
505,Good teaching but very fast 
506,Busy with his own personal stuffs and very much leneynt with the teaching and practical
507,10
508,10
509,7
510,5
511,5
512,9
513,8
514,My favourite faculty
515,"very good sir.
"
516,good command on subject
517,One of the best faculties for DESIGN subjects
518,slow speed to teach
519,provide derivation notes also
520,sir you are amazing .
521,best in all....
522,didnt aware the student about the course
523,Excellent class control ability
524,clear all the basics of the subject
525,Good English Skills and Pronounciation
526,good teacher
527,good teacher
528,Good Knowledge Of Subject
529,Can do better
530,good teacher
531,good teacher
532,Good SUBJECT KNOWLEDGE
533,no words
534,Can do better
535,??
536,Good
537,"Very bad teaching skill..
"
538,Very good
539,Very good
540,Good
541,"Great knowledge of subject...
Understand students really well..
Sharing the  important experience about technical knowledge.."
542,His teaching speed is very fast and don't have exact knowledge of teaching
543,Best faculty of mechanical 
544,Good
545,Need to improve 
546,10
547,Need to improve 
548,"Excellent teacher ever.
Very motivational "
549,No
550,No
551,Sir please reduce the burden of assignments 
552,Absolutely nothing 
553,"Give some practical knowledge, tell to us why we study it, what is the importance of it in our course "
554,"Teach the level of other students except toppers,bcoz they are not able to understand that what you teach, and they afraid from faculty bcoz of their strictness that's why they are not ask faculty to repeat it, if they said on that point faculty also scol"
555,Awesome teaching 
556,Please speak slowly.
557,Give less writing work.
558,Be a little easy to students.
559,Improve explanation skills.
560,Take more number of questions.
561,Plz teach those questions which will come in University exam 
562,Theory wale unit bhi pdha diya karo 
563,"Excellent,Excellent,"
564,teaching is very good
565,Very good
566,"Excellent
"
567,teaching is very good
568,Bad 
569,Very Good 
570,Very Good
571,0
572,full
573,nice pic dear
574,Excellent 
575,Best sir
576,Aal is well
577,"If u conduct our classes at d starting it will beneficial for us.
But becoz of late teaching this subject became useless.becoz we cannot study about it."
578,U r getting si much time to teach a small thing.
579,excellent
580,"one of the most knowledgeable teacher of anjuman
"
581,very good
582,good
583,good
584,best teacher in the world
585,good
586,excellent teaching
587,very coprative and humble
588,not deserving
589,good
590,Good
591,Good
592,V good
593,Good
594,Bad teaching  
595,nice faculty
596,6 th Sem - DOM even should be teached by him 
597,Sir zabardast he har students se parents ki tarah hamdardi karte
598,Next time please try to cover derivation and theory portion of the syllabus
599,Good
600,Good
601,Good
602,Excellent
603,Good
604,Good
605,Not bad
606,Not bad
607,"Almost full course is covered 
"
608,"Please maintain 2 way conversation ,  and take feedback from students, weather the problem is understood or not."
609,Good
610,Excellent
611,sohail sir have better knowledge and experience. 
612,Excellent
613,fidvi sir's behavior  is very good and he talks very politely  .
614,Best Teacher For EC-1
615,Subject knowledge is good but not capable to control class 
616,"having perfect teaching
"
617,shyamal sir have very good knowledge of this subject but he is can not express our knowledge. he is unable to control the class because no any one student gives importance to shyamal sir. he is also a very good teacher. if he will be keep strict of rule s
618,using best technics
619,Excellent teacher
620,good teaching
621,"Good knowledge about subject, teaching speed is good, give their 100% ,best faculty as well as best person"
622,perfect teaching
623,teaches good
624,"having good control in class
"
625,Hamdard teacher he
626,Subject knowledge is good but problem in explanation
627,fidvi sir's behavior  is very good and he talks very politely  .
628,fidvi sir's behavior  is very good and he talks very politely  .
629,Good
630,Good
631,Good
632,Amazing.. 
633,No teaching is very good
634,"Excellent! 
"
635,no comments
636,No teaching is very good
637,no comments
638,Good teacher
639,no cooments
640,no comments
641,Giving notes Xerox 
642,Good teacher
643,Don't need to read the questions asked sir deserves 100 stars out of 10 ??
644,No
645,No
646,No
647,No
648,Best faculty but class control is very poor and some lack of concept as compare to other faculty...
649,No
650,"Best faculty in the whole Mechanical
Department  and the punctuality can't explain...Concept and knowledge about the subject is excellent... also communication is very good and well discipline.."
651,Best faculty for functional English subject but course not completed properly  .
652,"Best faculty  ,Subject knowledge
is excellent  but some lack of concept how to explain and how to demonstrate to the students to understand that topics/Concepts "
653,Best faculty for the MECHATRONICS subject.
654,Best faculty...& teaching method is excellent 
655,In love with his teaching skills. Always justifies the topic with examples.
656,Good faculty. 
657,Believes in practical  approach towards the academics.  Good faculty. 
658,Good faculty.
659,Sincere to their work
660,Sir should use a good one speaker because  in dictate it give us problem in hearing
661,Good
662,Mashallah
663,Good knowledge
664,8
665,10
666,5
667,7
668,10
669,Very good faculty 
670,Best faculty 
671,Hakimuddin sir is all about ANJUMAN 
672,Good
673,He is not good teacher
674,He is very good teacher
675,Good 
676,Good teacher
677,Good teacher
678,Dsp teaching knowledge is awesome 
679,Good teacher
680,Practical knowledge is good
681,Practical knowledge is good
682,"Just need to control the class
"
683,Great knowledge  ??
684,Great teaching skills ... 
685,Very slow speed... Portion not completed... Lack of sincerity and dedication 
686,Only 3 units completed.. No extra classes taken 
687,"The students don't have any knowledge of the practicals, the equipments or even the sequence of practicals "
688,excellent 
689,EXCELLENT
690,The best sir in our extc department students supportive gives us good guidance. 
691,The most loyal sir to the department.
692,awesomeeee ..sir ..he gives good guidance.
693,Most helpfull mam :)
694,Most knowledgeable sir in anjuman.
695,"Man gives good guidance about subject. .
especially regarding theses ...thaankuu mam :)"
696,Best Teacher
697,improvement in writing...
698,very good sir keep it up
699,good
700,good
701,good
702,keep it up sir u have lot of patience
703,excellent
704,good
705,excellent
706,excellent
707,super
708,good
709,excellent
710,very good
711,very good
712,Best 
713,Best
714,Nice
715,Great
716,NICE
717,"thank you  Sir 
for giving us knowledge about MTD
 and giving US funny teaching environment...  "
718,THANK YOU SIR.
719,THANK YOU SO MUCH SIR 
720,BEST....TAREEF KARO KYA USKI JISNE APP KO BNAYA........WOW
721,SIR ......U R ROCK......WOW
722,SMARTY.....WOW
723,SMARTY ... ALWAYS HAPPY ..........SIR APP KI TAREEF MAI JITNA LIKHO KUM HAI.......SIR JI.....U R ROCK 
724,SINCER  ALWAYS 
725,SIR U R ROCK 
726,SIR APP BHOUT LIKHATE HO .......THODA KUM LIKHAYA KARO 
727,SIR APP KA SAHI  HAI 
728,NO COMMENTS
729,PHOTO KUM LIA KARO SIR JI............
730,Good lecturer
731,brilliant
732,good
733,superb
734,not bad
735,good
736,good
737,bad
738,no
739,VERY HELPFUL PERSON
740,EXPERIENCED PERSON
741,GOOD BUT VERY TALKATIVE
742,GOOD
743,please try to understand the problems of students n try to be polite
744,rock sir
745,dont do partiality
746,"Very good 
Veery humble
Very caring nature about students"
747,"Good communication skill
Talented sir
Good teaching"
748,Very very nice ma'am 
749,Good one
750,Good moral value
751,Best professor for Design subjects 
752,instead of giving notes sir makes us right everything 
753,Change subject teacher
754,excellent teaching style.
755,mam is very good.
756, dont ever discuss about project seminar during classes
757,nothing
758,"nothing
"
759,nothing
760,nothing
761,nothing
762,Good
763,Very good 
764,Good
765,Good
766,nothing
767,nothing
768,Good
769,nothing
770,nothing
771,nothing
772,nothing
773,nothing
774,nothing
775,nothing
776,Good
777,Good
778,Good
779,Good
780,Good
781,Nothing
782,Nothing
783,Nothing
784,Nothing
785,Nothing
786,Need such kind of teachers.
787,nothing
788,Excellent
789,Good Teaching and Explanation
790,She is too rude.
791,Good
792,Good
793,Very good
794,Good
795,Good
796,"A lot of writing work is given by the faculty.
Dictates very fast and doesn't give practical examples."
797,Very good sir with theory knowledge.
798,"She has knowledge but cannot explain in an interesting way.
The subject becomes boring while she is teaching. 
"
799,"Best teacher for the subject Maths.
 "
800,"She is a mam whose class students regret to attend.
she makes the subject boring.
but a helpful mam.
 "
801,increase communication skills
802,best teacher 
803,Needs to control the class 
804,".
"
805,"incomplete syllabus
"
806,very good teaching
807,He should improve his control in students.
808,"Practicals should be performed by students , not by teachers."
809,EXCELLENT
810,NEED TO IMPROVEMENT
811,NEED TO IMPROVEMENT
812,"LAKE OF TECHNICAL KNOWLEDGE
EXPLANATION IS POOR
ONLY REPEATED QUESTION IS COMPLETE."
813,EXCELLENT KNOWLEDGE 
814,"internal ke waje se hamesha back aata hain,
result achha chahiye to internal achhe dena chahiye
"
815,"--------------------------
"
816,no
817,no
818,no
819,no
820,excellent teaching
821,excellent teaching
822,good communication
823,sorry sir
824,use E board for fast and effective teaching
825,he is very good in communication with students
826,good performance
827,bhut hi jabardast sir hai
828,goood
829,too much strict 
830,",,,,,"
831,goood
832,stop commenting on D2 students 
833,average
834,goood
835,good
836,good
837,USE DUSTB
838,nice and effective learning
839,great voice and effective  control
840,good
841,Excellent
842,use updated software for power point presentation 
843,Good sir
844,tough to understand
845,"awsome teaching
"
846,"Syllabus is very back...
At this time second unit is going...
Plz take extra classes after CAT exam"
847,no
848,"Syllabus is not completed 2nd unit is running,good teaching"
849,Communication with students 
850,no
851,Good
852,no
853,??
854,Good teaching skills 
855,Good teach
856,"Good 
"
857,Good
858,no
859,??
860,Good teach
861,no
862,100%good teachinh
863,Syllabus is not completed 
864,Very good teach
865,no
866,Good
867,no
868,?
869,Very very good teaching
870,Excellent 
871,Good
872,Good teaching
873,no
874,????
875,Good
876,Good
877,Excellent 
878,Good
879,Satisfactory
880,Very good
881,??
882,Good
883,Good
884,satisfactory
885,Good
886,Good teaching 
887,"Very very very very very good
Excellent teaching"
888,Good
889,Good
890,Good
891,??
892,Good
893,Good
894,Good
895,Very bad
896,"Very good
"
897,Good
898,Good
899,I wil give negative marking
900,Excellent
901,Excellent
902,Very baad i will give negative marking
903,Very Good
904,Excellent
905,Excellent
906,Excellent
907,Good teaching 
908,Good teaching  but slow teaching speed
909,Fast teaching i don't understand 
910,Good knowledge  and helpful  understanding toward  student
911,Good teaching 
912,Good 
913,Good
914,Good
915,Please complete the syllabus and give notes unitwise 
916,Seriously sir is very nice great job in his work excellent knowledge in his subject
917,Good 
918,??????????
919,??
920,??????????
921,??????
922,????
923,??????
924,????????
925,????????
926,good
927,"course is not completed
"
928,good
929,good
930,good
931,teaching with a high speed
932,very nice performance
933,good teaching staff
934,very nice conversation  with student
935,good teaching
936,one of the best faculty of cvil department. most panctual man of acet.
937,kindly produce this type of faculties more in number.
938,"good faculty and teaching speed is also good ,kindly produce more faculty"
939,kindly ask other teachers to learn how to teach from nafees sir.
940,excellent knowledge of the subject.
941,excellent knowledge about the subject
942,knowledge about the subject is excellent.
943,ask him to make his own design data book as he is having excellent knowledge of design.
944,one of the best faculty of acet.
945,He is a really friendly and helpful teacher .He is sincere towards his work . I enjoy learning from him and sitting in his class.
946,lawdegqandu
947,He is a really hard working teacher and is always worried about the students performance and always takes feedback from the students .
948,i would be lucky if i may be able to acquire his level of knowledge.
949,no one teaches numericals orally
950,"students ko daratha hai or galiya bakta hai chutka mundi hilane nahi ndeta hai 
 lawde ne paper bigad dia aur OHP se pura subject padaya "
951,nothing
952,dmd koe orally padata hai kya
953,productivy is very less and 
954,excellent knowledge of the subject. 
955,"bad comminication skill
sir ke pass ethics nahi hai ke bacho se kayse baaat krte hai 
bacho ko harassement karta bache mentally distrubv hai bacho ki samne bulake gand marta ladkiyo ko tadta haii"
956,DMD koe orally padaya hai B.D SHIVALKAR ki marta hai
957,EXCELLENT
958,GOOD
959,excellent
960,excellent
961,Better!!
962,Good
963,not able to summarise the topic
964,not able to teach the topic
965,Best!!
966,very good teacher
967,Very helpful teacher.
968,Best faculty!!
969,EXCELLENT
970,helpful faculty
971,EXCELLENT
972,"need to focus on numerical and weather student understand or not ,plz take care"
973,"EXCELLENT
"
974,"EXCELLENT
"
975,verbally teaching thats not good
976,EXCELLENT
977,good 
978,"good subject knowledge, but poor teaching skills"
979,Good 
980,teaching skill is very good but has a rude behaviour.
981,excellent teaching skill with awesome behaviour with the students and always helpful.
982,????
983,faulty has a polite nature and good teaching skill too.
984,??????
985,No remark needed 
986,??????
987,Use of cell phone during class
988,??????
989,"Teaching speed is too slow.
Subject knowledge is not proper."
990,????????
991,Good Teaching. 
992,Very good
993,Very good
994,Very good
995,Very good
996,"good
"
997,good
998,excelent
999,Very good
1000,gud
1001,Very good
1002,more practice should be taken.
1003,nothing
1004,nothing
1005,nothing
1006,nothing
1007,nothing
1008,Very good
1009,Very good
1010,excellent way to teach
1011,Very good
1012,Good
1013,Very good
1014,Excellent
1015,Very good
1016,Good
1017,Very good
1018,Excellent
1019,WORST COMMUNICATION  FOR STUDENTS.
1020,GOOD KNOWLEDGE
1021,Good sir
1022,Best teacher ever
1023,Good
1024,He just should not read the chapters and topics but take the initiative to give the answer to student's questions. 
1025,Excellent ??
1026,Can do better teaching with very slow speed need to enhance teaching skills
1027,Extraordinary excellent teaching??
1028,Extraordinary excellent
1029,Teaching skill are not good very poor and don't understand the weakness of the student and don't explain according to them
1030,good teacher with ampoe amount of knowledge regarding subject 
1031,Excellent 
1032,very good sir knowledgeable humble and awsome teaching skills 
1033,Best!!
1034,good sir with subject knowledge and also good example giving while teaching 
1035,Very experienced faculty
1036,Excellent teaching 
1037,He just teaches and go and didn't interact with the students
1038,No remark
1039,No remark
1040,No remark
1041,No remark
1042,No remark
1043,"We get no proper notes from teacher..
None of a concept gets clear...
And please stop threating students for attendance and marks"
1044,Bad..overall.should be changed
1045,poor knowledge   & bad  behaviour 
1046,good teaching
1047,awesome sir
1048,awesome sir
1049,Pretty cool mam
1050,Don't teaches practicals properly. Always scolds and threaten students for attendance. Does not clear concepts. Not supportive to students. Always demotivated students.
1051,Good teaching method and skill...
1052,excelent.
1053,No
1054,No
1055,"Not supportive 
Threatens for attendance 
Our concepts never gets clear 
Not a single notes she provides from her side 
Gets angry when you ask about something "
1056,"Rehan sir is a very good teacher. He provides us proper notes, teaches very good, completes syllabus on time, dectates and provides proper notes, provides question bank on time. Best teachers of 7th sem section A. U r very nice sir thank u. "
1057,teacher have very over ego
1058,Very good teacher 
1059,Very good and my best teacher 
1060,Bad teacher 
1061,"Very nice teacher , pays focus to each and everybody."
1062,Non Co-operative and not friendly
1063,He has a good knowledge but he is unable to explain things properly 
1064,If the student is present in the class and absent on yesterday then mam marks absent for two days
1065,He is a legend.
1066,"Teaches very fast
"
1067,more classes should be taken
1068,Teaching skill is good
1069,*
1070,*
1071,*
1072,Have a great problem solving techniques
1073,"Good 
One of the best quality is
Control class, discipline."
1074,"Nice behavior.
"
1075,Excellent
1076,Good
1077,Good
1078,No
1079,No
1080,No
1081,No
1082,Sir should provide notes 
1083,Please teach us in the next semester too..!!
1084,"Never understands students requirements
When you ask something shows arrogance gets angry everytime Our concept nver gets clear not supportive"
1085,"Very nice very good
Talented hod sir.."
1086,Good teaching for the subject 
1087,Helpful
1088,Helpful 
1089,Sir takes lots of efforts...to teach us
1090,Extra knowledge given for the future life..
1091,Behavior is like a caring MOTHER
1092,Good
1093,Badiya sir..
1094,Good 
1095,Good 
1096,excellent
1097,very good
1098,good
1099,good
1100,revision needed
1101,revision needed
1102,revision needed
1103,doesnt have much knowledge about subject
1104,need full marks in every sheets
1105,good but strict 
1106,03-Oct
1107,awesome
1108,full revision needed
1109,06-Oct
1110,08-Oct
1111,08-Oct
1112,10-Oct
1113,Good
1114,Good
1115,Excellent
1116,Excellent
1117,Good
1118,Taught excellently 
1119,Good teacher. 
1120,Does not care about students. Students are not at all benefits from q.b. Q. B means less question not complete syllabus. Students are not ?? 
1121,Very good teacher
1122,Important questions should be teach first like last unit numericals 
1123,No practical completed properly. Students don't know how to operate software quartus
1124,Not one output was coming.. In ccs.. Only tp in practical 
1125,Good 
1126,Increase teaching speed only two questions are completed in one leacture 
1127,"sir is to good for us and its a very helpfull cordinator as compear to other semister
we love him"
1128,thanks to sir to tech us
1129,the out standing sir
1130,"Speed of teachings must be increased
"
1131,are bol diya sir ur great
1132,"Many of the students didn't understand some topics
"
1133,More questions has to be covered 
1134,"cut & partetion is not a one word of an object
we hear u sir
pleasr currect ur lenguage with student
ARE COLLOGE KE H TO KYA HUA H TO STUDENT HE NA"
1135,We are unable to understand most of the portion due to improper explanation 
1136,No planning and preparation before teaching new topic...
1137,Everything is fantastic 
1138,Sir ur are awesome
1139,5
1140,7
1141,6
1142,7
1143,Good keep it up sir!!! 
1144,5
1145,7
1146,6
1147,she is very good 
1148,V . good
1149,9
1150,NO
1151,Very supportive sir
1152,6
1153,Very good
1154,8
1155,8
1156,Very good
1157,10
1158,Very good
1159,GOOD KNOWLEDGE BUT NEEDS IMPROVEMENT IN COMMUNICATION SKILLS
1160,she has very  good teaching skills
1161,02-Oct
1162,07-Oct
1163,"teaching skill is good , honestly complete all aspect related to subject
should improve more teaching"
1164,06-Oct
1165,08-Oct
1166,09-Oct
1167,BEST EXPERIENCED FACULTY 
1168,very good in teaching
1169, very good
1170,"he is good in c , good knowledge of technologies but still have to improve 
"
1171,very good
1172,very good
1173,"Improper Teaching,
Bad way of Talking,
bad behaiver."
1174,good
1175,"she have very good teaching skills,
she very well understand student mentality    "
1176,very fast .bad teaching
1177,good
1178,Very fast .very very fast tech due to  which I cant understand
1179,good
1180,good
1181,good
1182,"very bad teaching .Very bad performance
no doubt clear 
boead handwriting very bad
"
1183,good
1184,good
1185,good
1186,good
1187,Good teaching .
1188,"GOOD KNOWLEDGE
COMMUNICATION GOOD "
1189,TEACHING SPEED IS LITTLE FAST
1190,MAKE IMPROVE IN KNOWLEDGE
1191,good
1192,good
1193,good
1194,good
1195,good
1196,90
1197,99
1198,Magnitic circuit numricals
1199,No
1200,"Sir write very small on board.
"
1201,"Syllabus is going very slow. 
"
1202,Very good at all. But if speed of syllabus want to increase. 
1203,Good at all.
1204,Surving in problem
1205,Speed of syllabus  want to increase and good at all.
1206,No
1207,Respect if someone comes to you for help
1208,needs to be more interactive!
1209,Good
1210,Good
1211,Good
1212,Good
1213,Good
1214,Ma'am is full of knowledge... We are the unlucky ones wasnt able to attnd classes coz of some reason 
1215,very good
1216,"Very nice and most interesting  subject, thanku sir. ??"
1217,Very sweet and soft spoken... Love the way he umderstands students 
1218,"Mam is too fast in teaching 
I think Mam should communicate in Hindi while teaching and Mam should take extra classes for clearing dought or not understood  conpects "
1219,Maximum numericals has to be done 
1220,Not able to understand physics??????
1221,v good in teaching/every think
1222,Very Good????
1223,Best teacher & excellent skills about the teaching in whole mechanical department
1224,I can't understand your teaching.. 
1225,Good teaching but Mam take too long lectures it's difficult to concentrate in class 
1226,Good teaching easy method of teching
1227,No remark
1228,I can understand what she teaches clearly....
1229,I am weak in maths stop embarassing in class
1230,Good??
1231,"communication with students is not proper 
teacher should have to concentrate on teaching instead of scaring them...."
1232,Slow ??
1233,Very good
1234,Good
1235,9
1236,9
1237,9
1238,10
1239,Very good ??
1240,"Excellent 
Teaching"
1241,Excellent Teaching
1242,Excellent Teaching
1243,"Excellent Teaching
"
1244,Excellent Teaching 
1245,Excellent Teaching 
1246,Very good
1247,Excellent 
1248,8
1249,Excellent
1250,7
1251,Excellent Teaching 
1252,Excellent
1253,7
1254,Excellent 
1255,Need improvement
1256,9
1257,"No
"
1258,Excellent 
1259,"No problem 
"
1260,6
1261,"Nothing 
??"
1262,7
1263,6
1264,"Please give some more time to submit assignment  
"
1265,Speed up course
1266,Please mam don't skip the topic ??
1267,Please sir speak  loudly last bencher can't hear you 
1268,Please mam speak loudly last bencher can't hear you & please explain in brief 
1269,Very very good
1270,Please mam give more time to submit record & assignment 
1271,6
1272,5
1273,9
1274,8
1275,8
1276,9
1277,8
1278,8
1279,Gives satisfactory result
1280,8
1281,8
1282,8
1283,Good
1284,"Good
"
1285,Good
1286,Nice teacher
1287,6
1288,8
1289,Mind-blowing teacher very conceptual teaching I like very much his teaching
1290,8
1291,Very much control over class   good interaction with students and good teaching
1292,8
1293,Mind blowing teaching by sir 
1294,9
1295,Very innovative teacher and actually his knowledge about subject is very deep I enjoy her teaching
1296,7
1297,Teacher with mind-blowing communication skill actually we enjoy her class a lot very precise and conceptual teaching awesome teacher
1298,7
1299,is a role model for our class with his good behavior and also teaching
1300,9
1301,Very practical teacher and very vast knowledge about her subject and he is very innovative actually he motivate us to think out of the box
1302,Very precise manner of teaching good control over class
1303,7
1304,7
1305,9
1306,Good command over practical 
1307,Knowledge of practiles are very deep and he relates practicle with theory in very precise manner overall excellent teacher
1308,Very innovative teacher
1309,Very motivating and mind blowing knowledge of practicle chemistry
1310,Very punctual sir 
1311,Should teach slowly 
1312,Good Practical knowledge very innovative teacher I like her teaching very much
1313,Best teaching about subject 
1314,9
1315,We enjoy her class a lot very innovative teacher precise manner of teaching
1316,Good relation between theory and practical very conceptual understanding of practical very good teacher
1317,7
1318,Should explain Evey sum thoroughly 
1319,Nice teaching and helf in all difficulties which is part of syllabus as well as  other college work and good class coordinator 
1320,Should teach slowly with a constant speed 
1321,Goods teaching and easily clear all difficulties in numericals problem 
1322,Best teacher in teaching and easily teach theory part
1323,Lot of knowledge of Communications
1324,Numericals should be explained thoroughly and properly by solving all difficulties
1325,Teacher always friendly with student
1326,course is very slow
1327,Good Sir 
1328,Asim Sir is Best Teacher
1329,"No remarks, sir is always best"
1330,Sir is best
1331,Teaching style is best
1332,"Completely amazing.... Mam is teaching wonderfully...
"
1333,Teachingway
1334,Mast sir hai
1335,Nitu mam my favorite one teacher.  ????
1336,Great teacher.. 
1337,Nice teacher. 
1338,O
1339,Excellent teaching and very helpful
1340,Awesome ??????
1341,excellent teacher with excellent knowledge and teaching skills 
1342,Very good teacher
1343,Mast
1344,Topic skip nahi krna chahiye
1345,It should be explained first by teacher in class 
1346,Awsmmm??????
1347,Good 
1348,Nice teacher
1349,Skipped topic should be explained afterwards
1350,Thhoda slow explain krna chahiye aur numerical jyaada karaane chahiye
1351,Practical ache se samjhaana chahiye teacher ne kuch ache se perform nahi kr paate hum
1352,Not satisfiedby her teaching
1353,Not satisfied
1354,Explaination should proper and didnt get satisfactory result
1355,Expalins every small things excillent result
1356,Satisfactory result
1357,"Mam is good but mam's control on class is little weak 
Mam is covering syllabus too fast 
And there must extra class for maths for clearing doughts "
1358,excellent faculty
1359,No 
1360,No
1361,NO
1362,No
1363,Teaches very fast 
1364,Bestest mam ever 
1365,Atahich hai 7 star
1366,"Respected Sir, Im belong to Electrical branch and I wish you teach us till the final year. "
1367,10
1368,10
1369,10
1370,10
1371,Good teaching skills
1372,Have knowledge but not able to explain it perfectly
1373,Very good teacher
1374,Good teacher with great  knowledge....
1375,Very quick in syllabus completion and there must be dought clearing of numericals and revision of units and concepts clearing session
1376,Going too fast teaching problem 
1377,Only reviesion needed other wise every thing is good
1378,Treats students friendly.
1379,"Have knowledge but cant explain properly 
"
1380,Every thing is good
1381,Very good teacher..
1382,Good way of teching.
1383,Awesome teaching technique.
1384,"It's better to teach under him
But revision of previous units must be taken "
1385,Teaching fast and writes very small hand writing that we cant see properly
1386,Great energy and excellent teaching technique.
1387,Excellent
1388,Very nice. 
1389,Good
1390,Good
1391,"Mam is not good in teaching 
She is covering syllabus very fast it's difficult to understand "
1392,Best teaching
1393,Good
1394,Good
1395,Best teaching
1396,Well experienced teacher with great knoeledge
1397,Excellent
1398,Not bad
1399,"Always shows rude behaviour towards students.Donot supportive.
Way of talking towards the student is not so good.Always look for troubling the students."
1400,Good 
1401,Good mam
1402,Good mam and my fav mam
1403,mam teaching  good as well 
1404,good teaching
1405,good teachinng
1406,Osm teaching with good behavior 
1407,Best 
1408,Best teaching
1409,good and well teaching
1410,The best teacher 
1411,Strict but best
1412,The best teacher I ever get
1413,9
1414,Good
1415,Good
1416,Good
1417,"Revise one time after compliting course for good score
"
1418,"Please revise one time       
For greater understanding
"
1419,"Speep of 
Telling about topic 
Should slow"
1420,Unable to understand 
1421,Chemical reaction 
1422,Skip topic should be taught 
1423,Best
1424,Good
1425,Best
1426,Thank you very much sir.????
1427,Need to improve knowledge about subject
1428,No remark
1429,Good teaching all like it
1430,all thinks are good
1431,No remark
1432,Nice teaching 
1433,all things are good
1434,Sir is excellent in his teaching..
1435,No comments
1436,Everything is good
1437,Unable to explain effective theory portion
1438,I am unable to understand until 1
1439,Everything is going
1440,So nice
1441,Nice
1442,Everything is good
1443,Appriciable
1444,Nice
1445,I am unable to understand orthography
1446,Conceptual part must be explained so that students can link them with the topic!!
1447,Good
1448,Mashallah
1449,Jaan h
1450,Good
1451,Fvrt sir
1452,50
1453,10
1454,One of the best faculty 
1455,50
1456,70
1457,95
1458,best
1459,nice
1460,She doesn't know hiw to explain theory portion.And if cross questioning is done she dont knows the answers of the question. 
1461,She confuses while explaining. 
1462,"Sir should improve some advance knowledge, overall performance  is great, keep going.. "
1463,"Should behave in a very Polite manner, Thank  You"
1464,Excellent teacher with great knowledge and We love to Athend his classes.. 
1465,Don't  try to demoralise students  should motivate as every student can If he wants.. 
1466,Mam your teaching speed is very fast and our catching is slow so there is data lost take place.
1467,Sir plz control your incoming calls during lectures.
1468,One of the most friendly and supporitive teacher 
1469,Best man with grip over everything and best at whateva he does!
1470,IDK if interrogation of students as the class starts helps teaching 
1471,Best faculty in mechanical
1472,Excellent
1473,Excellent
1474,Very Supportive 
1475,Needs to Focus on controling the class and needs to make his voice more hard
1476,He needs to change his behaviour very badly... He is super duper rude personality of mechanical department
1477,Need some other teacher
1478,Best Teacher Give More Information About Subject.
1479,Good
1480,Very good
1481,Excellent
1482,Very good
1483,Good
1484,Good
1485,TEACHING IS GOOD 
1486,6
1487,Please complete the syllabus with full knowledge mainly semiconductor.... Thankyou sir
1488,Please gives all extra knowledge about the topics... Thankyou.....
1489,Good
1490,Please gives us all knowledge (extra )  about all  topics wheather topic is coming in exam or not.... Thankyou mam....
1491,Please gives  us all knowledge about topics.
1492,Good
1493,Please gives  us all knowledge about topics. And also with comedy....
1494,Superb
1495,good
1496,good
1497,good
1498,good
1499,good
1500,He should listen to the students properly what they are trying to convey.
1501,Best teacher
1502,She Is the best class teacher I have ever meet.
1503,Best sir . No comment
1504,He has all the knowledge of the subject.
1505,She is the best.
1506,"Excellent
"
1507,"Excellent
"
1508,Excellent
1509,Excellent
1510,Very nice
1511,Excillent
1512,Excillent
1513,Excellent
1514,Needs to be more clear regarding concepts!
1515,Leads to confusion some times!!
1516,Numericals
1517,No
1518,No
1519,The best faculty for BEE.
1520,Not able to understand 
1521,Very good
1522,Need revision 
1523,Coarse not completed
1524, Very good teacher 
1525,Excellent 
1526,Good teacher 
1527,Very good teaching knowledge
1528,Very very good taacher
1529,"Teaches very fast in such a way that we cannot understand in a single time we need to study the same thing more than twice
"
1530,Good teacher 
1531,Excellent
1532,Coarse not completed
1533,Overall is good
1534,Excellent
1535,Too good experience 
1536,Mam ko 10% b subject knowledge nhi hy... Pls next semester me mam ko   subject na de.. Plss..plss..course b Pura nhi hua hy
1537,Very good teacher 
1538,excellent 
1539,Very good teacher 
1540,excellent 
1541,Ko
1542,Good teacher 
1543,Very bad
1544,Very very good teacher 
1545,Mam pls Irfan sir ko final tk her semester me lecture dijiye
1546,Teaching skill improvement
1547,No
1548,No
1549,Need alot of improvement
1550,Teaches in a very boring way
1551,A very good teacher
1552,10-Oct
1553,10-Oct
1554,"neture 
"
1555,verry good teaching
1556,10-Oct
1557,10-Oct
1558,10-Oct
1559,10-Oct
1560,10-Oct
1561,A
1562,"Improve teaching 
Skill"
1563,"Improved 
Practical 
Knowledge"
1564,Improve teaching skill
1565,"Improve 
Teaching 
Skill"
1566,"Improve 
Practical 
Knowledge"
1567,Improve teaching skill
1568,"Improve communication 
Skill"
1569,"Improve 
Practical
Knowledge"
1570,Nice
1571,Good
1572,Good
1573,Excellent 
1574,Vry nice
1575,Very good 
1576,Good
1577,Great teacher
1578,Very good 
1579,Very good 
1580,Good
1581,A
1582,Very good 
1583,A
1584,Good
1585,A
1586,Very good 
1587,Slow syllabus teaching
1588,A
1589,A
1590,The course must be completed with in the session only
1591,A
1592,6
1593,Revision should be taken after completion of course
1594,Notes are must 
1595,Time is not renaming for revision 
1596,10
1597,2
1598,Satisfied 
1599,No
1600,6
1601,6
1602,A
1603,Sir teach very fast we can't match sir s speed
1604,Excellent
1605,4
1606,No
1607,Language skills must be more improve
1608,5
1609,5
1610,Good enough 
1611,Excellent
1612,A
1613,No
1614,Excellent
1615,Teaching lang should be in more simpler way
1616,No
1617,Methods should be more simpler 
1618,No
1619,Best 
1620,Should use easy merhod for teaching 
1621,No
1622,Excelente
1623,No
1624,Methods should be more simple
1625,Should use move convenient method for teaching 
1626,A
1627,A
1628,A
1629,Good
1630,Best Mam
1631,V Good 
1632,Poor
1633,Very good
1634,Good
1635,V good
1636,Good
1637,Good
1638,Good
1639,7
1640,6
1641,8
1642,4
1643,7
1644,4
1645,4
1646,7
1647,Excellent teaching.
1648,Voice is not clear
1649,"Late in completion of course 
"
1650,"Practical file got chnge at the last moment 
Due to which it comsumed much time in completion of it "
1651,"TEACHES IN A VERY SIMPLE AND UNDERSTANDABLE LANGUAGE.
BEST TEACHER OF ACET.....
ALL THE BEST FOR FUTURE.
"
1652,Very excellent faculty
1653,"TEACHING IS VERY IMPRESSIVE AND HAS A GOOD COMMAN ON THE SUBJECT....
ALL THE BEST FOR FUTURE....


"
1654,Had Smart studies on smar board
1655,"DERIVATION WAS EXPLAINED EXCELLENTLY ,
ALSO THEORY......
BEST OF LUCK  MAÁM...
"
1656,BEST TEACHER .....
1657,Very deep understanding of subject
1658,"MASTER IN HER SUBJECT !!!!
I SALUTE YOU MAÁM....
BEST OF LUCK FOR FUTURE.....
"
1659,MAM IS TO GOOD AND HER TEACHING IS WONDERFULL
1660,All ok
1661,All ok
1662,All ok
1663,All ok
1664,All ok
1665,Best teacher of acet
1666,Kindly try to improve ur teaching skills and u should get the capability of attracting students attention
1667,"He is one of the best teaching faculty in anjuman..
The best part as he is one of the senior faculty he don't have any attitude to tell answer of an silly questions by any of the student.. he tells the answer in such a way the a student can remember. Even he may answer in next lecture but he will answer.. and he rem members the question too..
Great sir keep it up :)"
1668,"Great sir..

But Sir should provide more opportunity for boosting their internal marks as other teachers do..
As AWP is not an easy subject but sir has cover up course very well."
1669,Most supportive mam in extc department she helps a lot regarding every thing thanku mam for ur support in ACD subject. 
1670,Good Teacher
1671,"Other teachers should follow muzaffar sir as he provides best possible way to do work without pressuring students..
Ease of giving nots.
Ease of providing internals.
Ease of everything. 
Thankuu  sir for ur support and guidance. "
1672,"She guide us like our  mom..she is one of the best mam in our ACET.
Her teaching skills are really great and helpful for students to understand easily... thanku mam hope u teach us in next sem to.
#OurMom :) "
1673,Mam please complete the course
1674,Sir you taught but we can't understand because while teaching their are some nuisance in class
1675,Mam please complete unit 
1676,Excellent faculty
1677,Complete all unit and take more neumerical 
1678,10-Oct
1679,10-Oct
1680,10-Oct
1681,Excellent faculty
1682,10-Oct
1683,1010
1684,Use less phone
1685,Excellent faculty
1686,VERY GOOD CONTROL OVER CLASS.
1687,10-Sep
1688,10-Oct
1689, Impressive......too good sir 
1690,10-Oct
1691,GREAT TEACHING SKILLS.
1692,Decent
1693,PARTIONITY
1694,GREAT TEACHING SKILLS.
1695,BEST TEACHING EVER
1696,All Good
1697,Very Good 
1698,Quite impulsive and arrogant 
1699,Quite Impulsive and arrogant 
1700,Has the potential to teach better
1701,Impressive 
1702,Best ever
1703,Very linient and great teaching skills 
1704,Best faculty ever impressive 
1705,Great teaching skills 
1706,Best teaching skill and speed 
1707,Good
1708,no communications with students
1709,V good
1710,Good
1711,Nice
1712,best teacher
1713,Bindaaz Sir
1714,"The only problem is with speed,other then this everything is perfect"
1715,Very good teaching 
1716,Excellent for teaching  
1717,Not bad
1718,Good
1719,Excellent 
1720,Time waste 
1721,Please don't comment on religious topics please
1722,Please don't comment on religious topics please
1723,Everything is good??mam.
1724,Good teaching but it's very fast
1725,Teaching is good but it's very fast n difficult.
1726,Everything is good mam.??
1727,Everything is good.
1728,Best faculty!
1729,She has good teaching skills
1730,No 
1731,Friendly with us
1732,@
1733,Good nature & nice personality
1734,Nice teaching skills
1735,had great experience doing practicals 
1736,great sir
1737,supportive sir 
1738,good
1739,good
1740,good
1741,good
1742,good
1743, Because of PPT ND projector teachers becomes lazy it's for all  accept some of faculty's who don't use projector like Anwar sir ND many all.
1744, Because of PPT ND projector teachers becomes lazy it's for all  accept some of faculty's who don't use projector like Anwar sir ND many all.
1745,Everybody know he love to teach.. all concepts is clear by  by Manish .   I attend only few lecture but it's Worthy
1746, Know complete knowledge but as a lectural can't deliver know lege to student properly
1747,"DONT USE BLACK BOARD
"
1748,good teacher
1749,Poor teaching skills and full of arrogance.. Due to projectors faculty become lazy.. 
1750,Always fumble while teaching 
1751,Good
1752,She doesn't give any notes
1753,He doesn't provide any notes and not teach numerical according to student understandable format
1754,ok
1755,ok
1756,very good
1757,good
1758,ok
1759,ok
1760,ok
1761,very good
1762,Good teacher in our branch...?????? 
1763,Best supportive teacher in throughout college
1764,Good mam
1765,Cute teacher  
1766,Best Sir
1767,Best teacher I ever had 
1768,Gud teacher
1769,Good teacher
1770,Good teacher
1771,Best teacher
1772,Very helping nature 
1773,Good teacher
1774,Good teacher
1775,Itrat Mam 8s very knowledgeable and very understanding. 
1776,Ritesh Sir is very helpful in studies. 
1777,Manish Sir is very patient and clear while teaching.
1778,Rahila Mam is understanding.
1779,good in behaviour and good in class control
1780,good in nature good behave with  students frankly nature
1781,"frankly with students and i personally like teaching style and also share a lot of knowledge about stream 
"
1782,good person and loyal and sharing knowledge with student and also guide students i personally like her 
1783,satisfactory
1784,he is the best
1785,very good teaching.
1786,not supporting to students.
1787,not supporting to students.
1788,good.
1789,very good teaching.
1790,Excellent Teaching..
1791,Excellent Teaching..
1792,A
1793,Excellent Teaching..
1794,Not good command on subject
1795,A
1796,A
1797,Should develop knowledge of the subject...
1798,A
1799,A
1800,A
1801,A
1802,Very good knowledge and other things 
1803,Very good knowledge and other things 
1804,Good Teacher And Good Nature
1805,Good
1806,Very good knowledge and other things 
1807,Good
1808,9
1809,Excellent Teaching..
1810,Good
1811,Madam bahot fast padhate hai
1812,Good Teacher And Good Nature
1813, Very Good
1814,Good faculty
1815,Good Teacher And Good Nature
1816, Very Good
1817, Very Good
1818,Excellent Teaching..
1819, Very Good
1820,6
1821,5
1822,Good Teacher And Good Nature
1823,Bss writing work karate hai mam
1824,??
1825,Good but not better
1826,Good but not better
1827,Good but not better
1828,Good but not better
1829,Good teaching
1830,Very bad teaching
1831,A
1832,"Naah,He is a good teacher "
1833,5
1834,I don't understand what he says
1835,These subject is teaches by Sajjad sir not teaches by these mam as mention
1836,10
1837,My second mom
1838,Best teacher I ever had
1839,D
1840,Excellent 
1841,Very supportive mam
1842,These subject is teaches by Sajjad sir not teaches by these mam as mention
1843,Excellent 
1844,Good teaching
1845,No
1846,Very good
1847,Excellent 
1848,Excellent 
1849,Very fast speed of teaching so we can understand 
1850,??
1851,These subject is teaches by Sajjad sir not teaches by these mam as mention
1852,0
1853,Nice teaching skills
1854,Good
1855,Good
1856,"No remark
"
1857,C
1858,"Best teacher, very helpful, very frank , best person ??"
1859,I don't have that special connect with him ..even after he is our class coordinator
1860,These subject is teaches by Sajjad sir not teaches by these mam as mention
1861,9
1862,??
1863,Very good
1864,Good knowledge 
1865,Good teaching
1866,Good teacher
1867,Pronunciation should be proper with good communication skills 
1868,??
1869,Good teacher
1870,Good teacher
1871,Some animation part added please in this subject if any 
1872,C
1873,??
1874,??
1875,No
1876,No
1877,No
1878,"No remark
"
1879,No
1880,Good teaching
1881,No
1882,No
1883,No
1884,"No remark
"
1885,A
1886,"No remark
"
1887,With due respect to everyone .He is good among all..!
1888,She's a good ma'am 
1889,A
1890,Good teaching
1891,"
"
1892,A
1893,Best
1894,Best
1895,Very good mam
1896,Very good mam
1897,Very good mam
1898,Ishraque sir is the best teaching faculty. Most humble and down to earth person. He is good at teaching. He doesn't need any improvements at all. 
1899,No
1900,No
1901,Ishraque sir is the best teaching faculty. Most humble and down to earth person. He is good at teaching. He doesn't need any improvements at all. 
1902,No
1903,No
1904,No
1905,Achaa padhati hi mam 
1906,Achaa padhati hi mam 
1907,Achaa padhati hi mam 
1908,Achaa padhati hi mam 
1909,Achaa padhati hi mam 
1910,good job thanks alot 
1911,good job thanks alot 
1912,good job thanks alot 
1913,good job thanks alot 
1914,good job thanks alot 
1915,good job thanks alot 
1916,No
1917,Wonderful teacher. Wonderful person
1918,Wonderful teacher. Wonderful person
1919,Good and vast Subject knowledge
1920,"tooo much home work
and punishments."
1921,good interaction with teacher
1922,1 in a million.
1923,1 in a million.
1924,Nice Teaching....
1925,good communication
1926,nice teaching 
1927,teaching was good
1928,Nice Teaching
1929,Teaching was so good
1930,teaching was good
1931,Good knowledge 
1932,AWESOME!
1933,good communication and good subject Knowledge
1934,"frank with students
"
1935,Teaching was  good
1936,teaching was awesome
1937,"frank with students
"
1938,"frank with students
"
1939,"frank with students
"
1940,Excellent teaching
1941,"frank with students
"
1942,"frank with students
"
1943,"frank with students
"
1944,Effective way of teaching.......
1945,understanding easily....
1946,"frank with students
"
1947,"frank with students
"
1948,"frank with students
"
1949,Teaching was  good
1950, good subject Knowledge
1951,Effective way of teaching.......
1952,"frank with students
"
1953,Good teaching
1954,nice
1955,Teaching was  good
1956,Teaching was  good
1957, good subject Knowledge
1958,No comments.......
1959,Everything is good but Sorry for that i can't understand your pronounciation.
1960,Nice
1961,effective teaching
1962,Nice
1963,Good
1964,Excellent
1965,Good
1966,Good
1967,Teaching is good but very strict.
1968,excelent 
1969,excelent 
1970, good Technical Knowledge
1971,excelent 
1972,excelent 
1973,excelent 
1974,excelent 
1975,excelent 
1976,excelent 
1977,"good and punctual 
"
1978,Junaid Sir is the most Hardworking faculty i have ever seen. Thankyou Junaid Sir
1979,excelent 
1980,GOOD AND PUNCTUAL FACULTY..
1981,excelent 
1982,excelent 
1983,GOOD AND PUNCTUAL
1984,excelent 
1985,Good teaching
1986,Good teaching
1987,Good teaching 
1988,Good teaching
1989,Good teaching
1990,Good teaching
1991,Good teaching
1992,Good teaching
1993,good technical knowledge
1994,Excellent teaching
1995,too good
1996,"one of the best sir ""old is gold"""
1997,ONE OF THE BEST FACULTY
1998,ONE OF THE BEST FACULTY 
1999,Excellent  
2000,Good teaching
2001,nice
2002,Good teaching
2003,good
2004,pLease Complete the syllabus its your duty
2005,nice teaching
2006,nice teaching
2007,nice teaching
2008,I am Ashamed ..
2009,Good teaching
2010,excellent
2011,excellent
2012,excellent
2013,excellent
2014,"sincere faculty
one of the best faculty"
2015,excellent
2016,ONE OF THE BEST FACULTY
2017,excellent
2018,excellent
2019,excellent
2020,excellent
2021,sincere faculty...one of the best lecturer for tfcs..
2022,excellent
2023,excellent
2024,.
2025,"good 
"
2026,this feedback is for Manish sir for DSPD Practical.. btw  who is mohd tahir
2027,Always helps the students when some other faculty creates problem
2028,please provide proper notes
2029,Always helps the students when some other faculty creates problem
2030,please provide proper notes
2031,Always helps the students when some other faculty creates problem
2032,.
2033,.
2034,please teach slow and proper
2035,best faculty .
2036,"good mam , tries to solve out all the problems"
2037,best
2038,best
2039,best
2040,best
2041,best
2042,good
2043,very calm and best faculty 
2044,EXCELLENT FACULTY!
2045,EXCELLENT FACULTY!
2046,EXCELLENT FACULTY!
2047,Sir jaise biceps banane h
2048,Good teaching
2049,Sir internal dekh lena
2050,Good teaching
2051,Good teaching
2052,Good teaching
2053,Good teaching
2054,Good teaching
2055,Good teaching
2056,Good teaching
2057,Good teaching
2058,Good teaching
2059,Good teaching
2060,"Sir,plz improve your teaching skill."
2061,Mam Thank for not taking revision.
2062,Mam aap bahut bahut achche ho.
2063,Good
2064,Good
2065,Good
2066,Good
2067,Good
2068,Good
2069,Good
2070,Good
2071,Good
2072,Wonderful teacher with a friendly but respectful attitude.
2073,good teacher and a helpful one
2074,bogus
2075,i didn't opt PR but he is one of the few intelligent faculty 
2076,everything regards mam is very much satisfied 
2077,everything regards sir is very much satisfied 
2078,everything regards sir is very much satisfied 
2079,everything regards mam is very much satisfied 
2080,intelligent and has practical knowledge 
2081,everything regards sir is very much satisfied 
2082,bogus
2083,everything regards sir is very much satisfied 
2084,talented and knowledgeable with goo behaviour with students
2085,understanding
2086,understanding
2087,everything regards mam is very much satisfied 
2088,no knowledge
2089,"all good
"
2090,"all good
"
2091,very nice teacher.!
2092,very nice teacher.!
2093,very nice teacher.!
2094,best teacher ever.!
2095,very nice with students.!
2096,very nice with students.!
2097,very nice with students.!
2098,nice 
2099,Very kind hearted.
2100,cant share the knowledege   properly teaches on his level not on the level of students
2101,Best Teacher?
2102,Best Teacher?
2103,No feedback required ??
2104,No feedback required ??
2105,????
2106,No feedback require ??
2107,No feedback require ??
2108,No feedback require ??
2109,THANK YOU 
2110,THANK YOU 
2111,??
2112,??
2113,Please give student time for completing the partical 
2114,No
2115,No
2116,No
2117,How's the josh 
2118,How's the josh 
2119,Good
2120,Good
2121,Excellent sir
2122,Excellent sir
2123,Excellent sir
2124,Excellent sir
2125,Excellent sir
2126,"Teaching speed is fast
"
2127,Good 
2128,Good 
2129,Expencive teaching
2130,Fantastic
2131,Fantastic
2132,Fantastic
2133,Fantastic
2134,Fantastic
2135,Thanks mam
2136,Thanks mam
2137,Excellent teaching 
2138,Thanks sir
2139,Excellent teaching 
2140,Thanks sir
2141,Thanks sir
2142,Thanks mam
2143,Thanks
2144,Thanks
2145,Thanks
2146,Thanks
2147,Thanks
2148,Thanks
2149,Very poor teaching skills
2150,Excellent
2151,Excellent
2152,Excellent
2153,Excellent
2154,Excellent
2155,Excellent
2156,Excellent
2157,Excellent
2158,Good teacher
2159,no
2160,Excellent
2161,Excellent
2162,Excellent
2163,no
2164,Excellent
2165,no
2166,Good teacher
2167,no
2168,no
2169,no
2170,Good teacher
2171,no
2172,Good teacher
2173,no
2174,no
2175,no
2176,Best teacher
2177,Best teacher and favorite teacher
2178,Best teacher and favorite teacher
2179,Best teacher and favorite teacher
2180,Good teacher 
2181,"Awsome teaching ,excellent handholding suppprt ,most influencing teacher in my life"
2182,Best teacher and favorite teacher
2183,Best teacher and favorite teacher
2184,Good teacher 
2185,Best teacher
2186,"Awsome teaching ,excellent handholding suppprt ,most influencing teacher in my life"
2187,Best teacher
2188,Good teacher 
2189,Good technique
2190,Best teacher
2191,Excellent
2192,Best teacher
2193,Excellent
2194,Good teacher 
2195,Best teacher
2196,Good teacher 
2197,Excellent
2198,Excellent
2199,Good teacher 
2200,Excellent
2201,Good technique
2202,Excellent
2203,Good teacher 
2204,Best
2205,Excellent
2206,Good teacher 
2207,Excellent
2208,Good teacher 
2209,Excellent
2210,Excellent
2211,Good teacher 
2212,Nice 
2213,Excellent
2214,Excellent
2215,Nice 
2216,No remark
2217,Best
2218,Good teacher 
2219,Best
2220,No remark
2221,Best
2222,"Most insporational teacher teaches life with study 
"
2223,No remark
2224,Good teacher 
2225,No remark
2226,Good teacher 
2227,Sir is very good
2228,Sir is very good
2229,Good
2230,No remark
2231,No remark
2232,No remark
2233,Good
2234,No remark
2235,No remark
2236,Good
2237,No remark
2238,No remark
2239,No remark
2240,Good
2241,No remark
2242,"
Good teacher and friendly sir prepare well that no one can fail"
2243,Good
2244,Mam is supporting and of good nature 
2245,No remark
2246,"Better
"
2247,"
Good teacher and friendly with students"
2248,"
Good teacher and friendly with students"
2249,Excellent 
2250,Nothing 
2251,"
 Way of saying"
2252,"Better
"
2253,Very excellent
2254,"
 Way of saying"
2255,"
Good teacher "
2256,"Better
"
2257,"Better
"
2258,"
 Way of saying"
2259,Good
2260,"Better
"
2261,"Better
"
2262,Very excellent
2263,"Better
"
2264,"Better
"
2265,"Better
"
2266,"Better
"
2267,"Better
"
2268,"Better
"
2269,"Better
"
2270,Very excellent
2271,"
Good teacher "
2272,Very excellent
2273,Very excellent
2274,Very excellent
2275,Nice teaching 
2276,Very excellent
2277,Good
2278,"
Good teacher "
2279,Very excellent
2280,Very excellent
2281,Nice teaching 
2282,Very excellent
2283,Nothing 
2284,Excellent 
2285,Faltuu
2286,Nice teaching 
2287,Very excellent
2288,Very excellent
2289,Nice teaching 
2290,Very excellent
2291,Faltuu
2292,Good
2293,Nice teaching 
2294,Very excellent
2295,"
Good teacher "
2296,"Better
"
2297,Good
2298,Good
2299,Nice teaching 
2300,"
Good teacher 
 Friendly with student"
2301,Good
2302,Good
2303,Sir is good 
2304,Nice teaching 
2305,Excellent 
2306,Very Good
2307,Nice teaching 
2308,Excellent 
2309,Very Good
2310,Excellent 
2311,"
 Way of saying"
2312,"
 Way of saying"
2313,good
2314,"
 Way of saying"
2315,"
 Way of saying"
2316,"
 Way of saying"
2317,"
 Way of saying"
2318,"
 Way of saying"
2319,Excellent 
2320, Good
2321,Good
2322,Excellent 
2323,Good
2324,Excellent 
2325,Good
2326,Excellent 
2327,"Good handholding support ,precise teaching and expert in each and every topic and understand the psycology of students"
2328,Good
2329,Good
2330,Better
2331,"Good handholding support ,precise teaching and expert in each and every topic and understand the psycology of students"
2332,Good
2333,Better
2334,Excellent 
2335,"Good handholding support ,precise teaching and expert in each and every topic and understand the psycology of students"
2336,Excellent 
2337,Better
2338,"Good handholding support ,precise teaching and expert in each and every topic and understand the psycology of students"
2339,Excellent 
2340,"Good handholding support ,precise teaching and expert in each and every topic and understand the psycology of students"
2341,"Good handholding support ,precise teaching and expert in each and every topic and understand the psycology of students"
2342,very sweet mam and supporting
2343,"Good handholding support ,precise teaching and expert in each and every topic and understand the psycology of students"
2344,Best teacher
2345,good
2346,Good 
2347,Good 
2348,change behavior 
2349,Excellent
2350,Excellent
2351,Great teaching skills and communication
2352,good
2353,Excellent
2354,Excellent
2355,Good subject knowledge and good teacher
2356,good
2357,Excellent
2358,good
2359,Good 
2360,Good subject knowledge and good teacher
2361,good
2362,good
2363,Good subject knowledge and good teacher
2364,Excellent
2365,good
2366,Good subject knowledge and good teacher
2367,Excellent
2368,good
2369,Excellent
2370,Good subject knowledge and good teacher
2371,good
2372,Good 
2373,good
2374,good
2375,Good subject knowledge and good teacher
2376,My favorite ma'am in anjuman
2377,Good 
2378,Thank uh so very much mam
2379,Good 
2380,Good 
2381,Thank u
2382,My favorite ma'am in anjuman
2383,Thank u
2384,plz control ur anger
2385,Excellent
2386,Thank u
2387,Thank u
2388,Good 
2389,Thank u
2390,Good 
2391,Thank u
2392,Thank u
2393,Nice teacher
2394,Good 
2395,Thank u
2396,Good 
2397,A good teacher
2398,Thank u
2399,Excellent
2400,Good 
2401,Very good knowledge of subject
2402,Thank u
2403,Good 
2404,Thank u
2405,Teaching technique is very good
2406,Good 
2407,Good 
2408,Teaching technique is very good and very good teacher
2409,Good 
2410,Teaching technique is very good and very good teacher
2411,Good 
2412,Teaching technique is very good and very good teacher
2413,one of the best female faculty
2414,one of the best female faculty
2415,Nice teacher
2416,A very knowledgeable faculty 
2417,A very knowledgeable faculty 
2418,Good
2419,Good
2420,A very knowledgeable faculty and have a good experience 
2421,Good
2422,Good
2423,Good
2424,A very good teacher
2425,Good
2426,Good
2427,Good
2428,Good
2429,need  more improvement 
2430,Good
2431,Good
2432,Good
2433,Good
2434,We need more supportive teaching staff like kaneez ma'am
2435,One from good teaching staff.
2436,Good subject knowledge but not that supportive
2437,"should have to consider the students problems and to make fun of like ""how did you reach final year"""
2438,no
2439,no
2440,no
2441,one of the best male faculty
2442,One of the best faculty in 1st year department. 
2443,No 
2444,No 
2445,No 
2446,No 
2447,No 
2448,No 
2449,No 
2450,No 
2451,No 
2452,No 
2453,No 
2454,No 
2455,No 
2456,No 
2457,No 
2458,"Good teaching, motivate student properly"
2459,Good teaching
2460,Good teaching
2461,Good teacher
2462,Best teacher
2463,Best teacher
2464,Best teacher
2465,Best teacher
2466,Best teacher
2467,Best teacher
2468,Best teacher
2469,Best teacher
2470,Excellent teacher and extremely talented
2471,Good faculty are provided.
2472,Good faculty are provided.
2473,Good faculty are provided.
2474,Good faculty are provided.
2475,Good faculty are provided.
2476,Good faculty are provided.
2477,Good faculty are provided.
2478,Good faculty are provided.
2479,Good faculty are provided.
2480,Good faculty are provided.
2481,Good faculty are provided.
2482,Good faculty are provided.
2483,Very good
2484,Very good
2485,very good
2486,very good
2487,very good
2488,very good
2489,very good
2490,very good
2491,No
2492,No
2493,No
2494,No
2495,No
2496,No
2497,No
2498,No
2499,No
2500,No
2501,No
2502,No
2503,No
2504,No
2505,Excellent Teaching 
2506,Excellent Teaching 
2507,Excellent Teaching 
2508,Student friendly..  Best teacher
2509,Course not completed
2510,best teacher for AEE  in first year
2511,Good
2512,Good
2513,Good
2514,Good
2515,Good
2516,Good
2517,Good
2518,Good
2519,Good
2520,Good
2521,Good
2522,99
2523,99
2524,99
2525,99
2526,99
2527,100
2528,100
2529,100
2530,100
2531,99
2532,99
2533,90
2534,Excellent
2535,Excellent
2536,Excellent
2537,Excellent
2538,Excellent
2539,Excellent
2540,Excellent
2541,Best teacher
2542,Best teacher
2543,Excellent subject knowledge and connectivity with students.
2544,Great mentor.
2545,Great energy.
2546,Great energy.
2547,Very nice
2548,Very nice
2549,Good
2550,Good
2551,Good
2552,Good
2553,Good
2554,Good
2555,Good
2556,Good
2557,Good
2558,Good
2559, very Good
2560,Excellent
2561,Excellent
2562,Excellent
2563,Excellent
2564,Excellent
2565,Excellent
2566,All good
2567,All good
2568,All good
2569,All good
2570,All good
2571,All good
2572,All good
2573,All good
2574,All good
2575,All good
2576,All good
2577,Course is still pending two units
2578,Good
2579,Good
2580,Good
2581,Good
2582,Not satisfied 
2583,satisfied 
2584,satisfied 
2585,Not satisfied 
2586,satisfied 
2587,satisfied 
2588,satisfied 
2589,Hi is good sir
2590,Hi is good sir
2591,Hi is good sir
2592,Hi is good sir
2593,Hi is good sir
2594,Hi is good sir
2595,Hi is good sir
2596,Hi is good sir
2597,Hi is good sir
2598,Hi is good sir
2599,Hi is good sir
2600,Hi is good sir
2601,10
2602,10
2603,10
2604,10
2605,10
2606,10
2607,10
2608,10
2609,10
2610,10
2611,10
2612,10
2613,Goood
2614,Very whaiyaat subject
2615,Very Good
2616,Very Good
2617,Very Good
2618,Sir teaching with full Speed
2619,good 
2620,good 
2621,good 
2622,good 
2623,good 
2624,good 
2625,good 
2626,good 
2627,good 
2628,good 
2629,good 
2630,Good teacher
2631,Not bad
2632,Good
2633,Good
2634,Good
2635,Good
2636,Excellent 
2637,Excellent 
2638,Excellent 
2639,Excellent 
2640,Excellent 
2641,Excellent 
2642,Excellent 
2643,Excellent 
2644,Excellent 
2645,Excellent 
2646,Excellent 
2647,Excellent 
2648,excellent
2649,excellent
2650,excellent
2651,excellent
2652,good
2653,good
2654,good
2655,good
2656,No
2657,No
2658,GOOD
2659,GOOD
2660,GOOD
2661,GOOD
2662,No
2663,he is very humble and very helpful.
2664,she is very humble and very helpful.
2665,He is very humble and very helpful.
2666,He is very humble and very helpful.
2667,"sir is very good person
"
2668,"madam is very fantastic person
"
2669,"madam is very fantastic person
"
2670,"sir has good knowledge
"
2671,Good
2672,Good
2673,Good
2674,Good
2675,good teaching
2676,good teaching
2677,good teaching
2678,good teaching
2679,Syllabus complete 
2680,Syllabus complete 
2681,Syllabus complete 
2682,  improvement required in communication skills 
2683,Syllabus complete 
2684,Syllabus complete 
2685,improvement required in communication with the students
2686,Teaching sense good
2687,Teaching sense good
2688,Teaching sense good
2689,Teaching sense good
2690,Subject knowledge is high
2691,Good understanding
2692,Good understanding
2693,Good understanding
2694,Good understanding
2695,Full class control ability
2696,Ability of full class control
2697,Ability of full class control
2698,Communication skill is high
2699,Need to focus on hid basic knowledge truth is he is a rattu tota jisne ACS ki designs yaad karliya hai
2700,She is a very nice women but there is something which she needed to change in herslef i don't know what it is maybe she already knows
2701,Great sir ??
2702,Best sir and best explainationof BCM by ameen sir 
2703,Best sir and best explainationof TRE by AMIR SIR
2704,"Mam is best 
"
2705,"Sir explains hard problems very easily to us 
Best sir
"
2706,"Best sir for CT and SURVEY 
"
2707,Good nature & helpfull 10 \10
2708,Good nature & helpfull 10 \10
2709,"Unique sir
Short trick master"
2710,"Good 
But
Sometime worst"
2711,Faculty is very good
2712,Faculty is very good
2713,Good teaching
2714,Good teaching
2715,Good teaching
2716,Faculty is very good
2717,Faculty is very good
2718,Faculty is very good
2719,Faculty is very good
2720,Good teaching
2721,Faculty is very good
2722,Faculty is very good
2723,Faculty is very good
2724,Good teaching
2725,Faculty is very good
2726,Good teaching
2727,Good teaching
2728,Good teaching
2729,Good teaching
2730,good
2731,Good practical knowledge
2732,Good practical knowledge
2733,good
2734,good
2735,good
2736,good
2737,good
2738,good
2739,good
2740,good
2741,good
2742,very brilliant sir open minded and resourceful
2743,good teaching which helps us to brighten our future
2744,good teaching which helps us to brighten our future
2745,good teaching which helps us to brighten our future
2746,good teaching which helps us to brighten our future
2747,good teaching which helps us to brighten our future
2748,good teaching which helps us to brighten our future
2749,good teaching which helps us to brighten our future
2750,good teaching which helps us to brighten our future
2751,good teaching which helps us to brighten our future
2752,good teaching which helps us to brighten our future
2753,Good teaching to brighten our future
2754,Good teaching to brighten our future
2755,Good teaching to brighten our future
2756,Good teaching to brighten our future
2757,Good teaching to brighten our future
2758,Good teaching to brighten our future
2759,Good teaching to brighten our future
2760,Good teaching to brighten our future
2761,Good teaching to brighten our future
2762,Good teaching to brighten our future
2763,good teaching skills
2764,good teaching skills
2765,good teaching skills
2766,good teaching skills
2767,good teaching skills
2768,good teaching skills
2769,good teaching skills
2770,good teaching skills
2771,good teaching skills
2772,good teaching skills
2773,good teaching skills
2774,Best teacher of civil department
2775,Best teacher of the civil engineering stream 
2776,"Padhaate nahi aata  
Next year hona hi nahi mujhe ye mam"
2777,Best teacher
2778,Ever Best teacher
2779,Best HOD
2780,Extraordinary 
2781,Good understanding
2782,Good
2783,Good
2784,Good
2785,Good
2786,Good
2787,Good
2788,Good
2789,Good
2790,Good
2791,Good
2792,Good
2793,Good
2794,Very very helpfull
2795,Very punctual
2796,Very punctual
2797,Good
2798,Good
2799,Good
2800,Good
2801,Good
2802,This is Is Very Good. and They Teach very Updated Style And Also Focus On Every Lesson Topic. Ameen sir Is. Always With there Students and Feel there Problems specially Backlog Students.
2803,This Sir Teaching Style is Very  poor. I'm Not Understand this subject Because Of Amir sir. Ye Sir ne kabhi bhi Lecture ke Bad ya Lecture ke Beech me week students pe dyan nh diya. 3rd Semester me My Hospitalised tha 2 Month College nh aya tha Myne Sir ko application likha Attendance ke liye with Doctor Medical Certificate ke sth. sir Accept my Medical Certificate but They Not Consider this. and Giving Only 14 Internal My SOM paper is Back.
2804,"This mam is  very SERIOUS About  our Subject GT and Practical.
This Mam is Very Good They Work Very Honestly and Feel our Students problem and Making Bond with students. This is Very Good Teacher"
2805,I'm Not Understand WITH S.A-1  Because Sohail Sir Know This Subject is Very Hard And Week students Doesn't Solve this . And They Always Seen The Topper Students of Class During Lecture week Students Feel INVISIBLE OR MISTER INDIA
2806,This sir Teaching Experience is good But they Not understand our Student.
2807,excellent
2808,excellent
2809,excellent
2810,He doesn't know how to teach. Course not completed. Notes not given. Very poor performance.
2811,best faculty of department...
2812,Teaching skill is poor.
2813,NOT HAVING GOOD KNOWLEDGE ABOUT SUBJECT
2814,Poor teaching skill. Not made for teaching purpose.
2815, HAVING GOOD KNOWLEDGE ABOUT SUBJECT
2816, HAVING GOOD KNOWLEDGE ABOUT SUBJECT
2817,excellent performance of sir
2818,excellent performance of sir
2819,excellent performance of sir
2820,excellent performance of sir
2821,excellent performance of sir
2822,excellent performance of sir
2823,excellent performance of sir
2824,excellent performance of sir
2825,excellent performance of sir
2826,excellent performance of sir
2827,excellent performance of sir
2828,excellent performance of sir
2829,not completed course yet .and did not have good teaching skills
2830,WROST COMMUNICATION SKILL
2831,best teaching skills.
2832,ZERO CLASS CONTROL
2833,does not communicate properly with students
2834,does not communicate properly with students.and rude with the students 
2835,does not have control over the class
2836,Sir have really good teaching skills. He uses proper English with good grammar to teach his subject thanku sir for teaching us. #2018_19 batch.
2837,"One of the best faculty in anjuman colg..
He has good knowledge about thjs subject."
2838,"One of the best faculty in anjuman colg..
He has good knowledge about thjs subject."
2839,Really great and Awesome sir..
2840,Really great and Awesome sir..
2841,Good.
2842,Had great experience in this practical
2843,Had great experience in this practical
2844,Had great experience in this practical
2845,Apne colg me Koi sabse accha sir he to Waseem se he....;) :)
2846,Good.
2847,every thing is ok
2848,every thing is ok
2849,every thing is ok
2850,leave the syllabus in middle 
2851,good
2852,"assignment is given in last movement
so what I have to do whether I complete my assignment or I give my backlog paper"
2853,"assignment is given in last movement
so what I have to do whether I complete my assignment or I give my backlog paper"
2854,"assignment is given in last movement
so what I have to do whether I complete my assignment or I give my backlog paper"
2855,good teaching speed .... best faculty ever....
2856,good teaching speed
2857,best faculty ...
2858,assignments give to the students on second last day of session
2859,-
2860,-
2861,-
2862,-
2863,Very good 
2864,Very good 
2865,Very good 
2866,Very good 
2867,Very good 
2868,03-Oct
2869,03-Oct
2870,09-Oct
2871,06-Oct
2872,06-Oct
2873,07-Oct
2874,07-Oct
2875,07-Oct
2876,08-Oct
2877,08-Oct
2878,08-Oct
2879,08-Oct
2880,0/10
2881,0/10
2882,"I'm very honest and whatever, i am giving above is exactly true. some times i  don't attend lectures cause i don't even understand many topics and notes  given by him and he teach very fast & don't take any feedback from us.
 and please don't think that i have any personal issue with him he is good and equally supportive to each student means he don't make any inequality.
thank you"
2883,"simply perfect to us and best for OR,FM,HM."
2884,10-Oct
2885,10-Oct
2886,10-Oct
2887,10-Oct
2888,10-Oct
2889,10-Oct
2890,10-Oct
2891,10-Oct
2892,10-Oct
2893,10-Oct
2894,10-Oct
2895,10-Oct
2896,GOOD
2897,"sir's voice not clear.
cant hear him till last bench.
good behaivior"
2898,college should provide better faculty for F.E and soft-skill  
2899,perfect teacher :)
2900,good
2901,Good teacher 
2902,Good teacher 
2903,Good teacher 
2904,Good teacher 
2905,Good teacher 
2906,Good teacher 
2907,Good teacher 
2908,Good teacher 
2909,Good teacher 
2910,Good teacher 
2911,Excellent 
2912,Good
2913,Good
2914,Can do better 
2915,Can do better 
2916,Good
2917,Good
2918,"Need to improve a lot
"
2919,"Need to improve a lot
"
2920,Awesome faculty
2921,Awesome faculty
2922,Good
2923,Excellent
2924,Good
2925,Good
2926,Good
2927,Good
2928,Excellent
2929,Lazy 
2930,Average teaching skills  improper explanation 
2931,"Timepass faculty 
"
2932,"Timepass faculty 
"
2933,"
"
2934,"
"
2935,"
"
2936,"
"
2937,Boring 
2938,Boring 
2939,Best faculty ever 
2940,Good
2941,Vahiyat faculty hai ekdum
2942,Good
2943,Very good practical faculty
2944,"He is very good faculty member of mechanical engineering dept, very co operrative and supportive in nature."
2945,"He is very good faculty member of mechanical engineering dept, very co operrative and supportive in nature."
2946,"He is very good faculty member of mechanical engineering dept, very co operrative and supportive in nature."
2947,"He is very good faculty member of mechanical engineering dept, very co operrative and supportive in nature."
2948,"He is very good faculty member of mechanical engineering dept, very co operrative and supportive in nature."
2949,"He is having very rude nature, not helpful to students."
2950,"Not having any sort of knowledge about the subject of Cse
I don't bother how my freinds or classmates are giving remark to this teacher for there just next year internal marks, my this sem session was wasted by this teacher, he don't know to teach, infact he is not having knowledge i had seen last semester MMM and now CSE
I request you to please change this teacher.
His way of talking & Language is very bad
Once he Said "" AO sir is nothing in front of me""
This was not the thing to say in the class in front of 60-70 students.
Please take action about it.
And these all things are true if you believe otherwise it's useless.
Thanku
Q......
???? ???? ????"
2951,"Brilliant teacher i had ever seen!
??"
2952,"Very nice behaviour
"
2953,Too much Englissss??
2954,"Too much
Practical life"
2955,"Too much
Practical life"
2956,"Brilliant as i have said for my Co-ordinator
??"
2957,Guiding and motivating students for academic excellence.
2958,Guiding and motivating students for academic excellence.
2959,Guiding and motivating students for academic excellence.
2960,Guiding and motivating students for academic excellence.
2961,Guiding and motivating students for academic excellence.
2962,Guiding and motivating students for academic excellence.
2963,Guiding and motivating students for academic excellence.
2964,Guiding and motivating students for academic excellence.
2965,Guiding and motivating students for academic excellence.
2966,Guiding and motivating students for academic excellence.
2967,"My practical batch is 2.
And tahir sir is for 3rd batch.
So i don't know about Tahir sir "
2968,Should teach first two chapters fastly
2969,Doesn't respect students and doesn't hear them out. Very bad teacher.
2970,He is unable to explain his subject. moreover he torchered us in 5th sem over fees. He told the students that if u will not pay the balance fees before 5th sem your internal marks would me reduced. It was so shameful for us that for fees he humiliated us.He promised us to give class in another room.Since our class which is in shed of tin during summer occurs to be very hot. I request you sir to kindly change that class
2971,He sometimes become very angry but he is a very talented and knowledgeable faculty of ACET. best faculty 
2972,Unpunctual Every time at the end of session he used to call students for course. 
2973,theek thak hai sir
2974,good faculty
2975,good faculty
2976,best faculty
2977,best faculty
2978,good faculty
2979,good faculty
2980,very good in teaching
2981,very good in teaching
2982,very good in teaching
2983,very good in teaching
2984,very good in teaching
2985,very good in teaching
2986,very good in teaching
2987,very good in teaching
2988,very good in teaching
2989,very good in teaching
2990,No
2991,No
2992,No
2993,No
2994,Awesome teaching skills
2995,No
2996,No
2997,No
2998,No
2999,Full support as a class coordinator
3000,No
